{"cameraMode":{"drawMode":0,"name":"Shaded","section":"Shading Mode"},"sceneLighting":true,"audioPlay":false,"sceneViewState":{"showFog":true,"showMaterialUpdate":false,"showSkybox":true,"showFlares":true,"showImageEffects":true,"showParticleSystems":true},"in2DMode":false,"pivot":{"x":-0.15139612555503846,"y":0.3554869294166565,"z":0.6384645700454712},"rotation":{"x":0.08848816901445389,"y":0.19239331781864167,"z":-0.017422400414943696,"w":0.9771648645401001},"size":6.481790542602539,"orthographic":false}